{
	"info": {
		"_postman_id": "4603aaac-fcda-4baa-918b-7d93424fad00",
		"name": "DriveX",
		"schema": "https://schema.getpostman.com/json/collection/v2.1.0/collection.json"
	},
	"item": [
		{
			"name": "DashboardPage",
			"request": {
				"method": "GET",
				"header": []
			},
			"response": []
		},
		{
			"name": "WeatherForecastPage",
			"request": {
				"method": "GET",
				"header": []
			},
			"response": []
		},
		{
			"name": "CurrentWeather",
			"request": {
				"method": "GET",
				"header": []
			},
			"response": []
		},
		{
			"name": "DailyWeatherForecast",
			"request": {
				"method": "GET",
				"header": []
			},
			"response": []
		}
	]
}